{"cameraMode":{"drawMode":0,"name":"Shaded","section":"Shading Mode"},"sceneLighting":true,"audioPlay":false,"sceneViewState":{"m_AlwaysRefresh":false,"showFog":true,"showSkybox":true,"showFlares":true,"showImageEffects":true,"showParticleSystems":true,"showVisualEffectGraphs":true,"m_FxEnabled":true},"in2DMode":false,"pivot":{"x":0.21474993228912354,"y":0.10772235691547394,"z":-0.00964217446744442},"rotation":{"x":0.3367727994918823,"y":0.5378773808479309,"z":-0.24740418791770936,"w":0.7321693897247315},"size":1.8302379846572877,"orthographic":false}